{
  "hash": "475b0cb6",
  "configHash": "b8dd33db",
  "lockfileHash": "16b3aaa3",
  "browserHash": "35f42682",
  "optimized": {
    "@angular/common": {
      "src": "../../../../../../node_modules/@angular/common/fesm2022/common.mjs",
      "file": "@angular_common.js",
      "fileHash": "94313f01",
      "needsInterop": false
    },
    "@angular/core": {
      "src": "../../../../../../node_modules/@angular/core/fesm2022/core.mjs",
      "file": "@angular_core.js",
      "fileHash": "a1c5b1b7",
      "needsInterop": false
    },
    "@angular/platform-browser": {
      "src": "../../../../../../node_modules/@angular/platform-browser/fesm2022/platform-browser.mjs",
      "file": "@angular_platform-browser.js",
      "fileHash": "6103f0c7",
      "needsInterop": false
    },
    "rxjs": {
      "src": "../../../../../../node_modules/rxjs/dist/esm5/index.js",
      "file": "rxjs.js",
      "fileHash": "31b5cc69",
      "needsInterop": false
    }
  },
  "chunks": {
    "chunk-37J7XL5G": {
      "file": "chunk-37J7XL5G.js"
    },
    "chunk-MPAJTNHW": {
      "file": "chunk-MPAJTNHW.js"
    },
    "chunk-SESUV4G6": {
      "file": "chunk-SESUV4G6.js"
    }
  }
}